"id","site","job_url","job_url_direct","title","company","location","date_posted","job_type","salary_source","interval","min_amount","max_amount","currency","is_remote","job_level","job_function","listing_type","emails","description","company_industry","company_url","company_logo","company_url_direct","company_addresses","company_num_employees","company_revenue","company_description","skills","experience_range","company_rating","company_reviews_count","vacancy_count","work_from_home_type"
"li-4348932306","linkedin","https://www.linkedin.com/jobs/view/4348932306","","(Senior) Program & Project Manager Business Operations (m/f/d)","Riverty","Berlin, Berlin, Germany","2026-05-31","fulltime","","","","","",False,"mid-senior level","Project Management and Information Technology","","","Everyone's story matters. Come shape your story with us at Riverty.
   

  

**But where does that take you?**
 To one of our 30 hybrid workspaces – designed for exchanging ideas, learning from others, and shaping the way we work. An international community of over 4,000 people, representing almost 80 nationalities across 11 countries. United by one mission: Combining empathy, advanced technology and data\\-driven insights to keep people and businesses in flow. With payments made for them. So that they don't have to worry about it.
   

  

**And there's more:** 
 We are part of the family\\-owned Bertelsmann group. Established. Corporate. In a fast\\-paced industry. We enable flexible payments in various industries, simplifying the financial management of known brands and helping people repay debt to build financial confidence. In short: shaping FinTech.
   

  

**We are looking for a**
**(Senior) Program \\& Project Manager – Business Operations (m/f/d)**
**(unlimited, full\\-time) to join our team at one of our locations in Berlin, Verl or Münster and help shape the next generation of fintech \\- flexible working conditions available**
 In this role, you’ll drive clear prioritization and alignment of initiatives, monitor implementation progress and KPI achievement, and ensure transparency for all relevant stakeholders. In addition to this central responsibility, you’ll independently manage and lead individual projects.
   

  

**Key Responsibilities:**
* Oversee multiple efficiency and AI initiatives across various countries to promote operational excellence and deliver measurable business outcomes.
* Ensure transparency and alignment among stakeholders through structured governance, prioritization, and clear communication.
* Monitor and report on progress and performance, interpret key KPIs and analytics to ensure goal achievement and data\\-driven decision\\-making.
* Share best practices and insights across countries and functions to enhance collaboration and efficiency.
* Take ownership of selected initiatives or projects and ensure successful execution using professional project management methodologies.


**Qualifications:**
* University degree or equivalent qualification (preferably in Business Administration, Finance, or Technology).
* 3–5 years of experience in project and/or program management, ideally with strong knowledge of financial services and experience working with customer service and operations teams.
* Experience in receivables management is a strong plus.
* Solid understanding of project management methodologies, with experience in lateral leadership and stakeholder management.
* Proven track record in leading data\\-driven and AI projects across functions and countries.
* Ability to present complex information to diverse audiences and manage multiple ongoing efficiency initiatives.
* Preferred: Experience with Jira; certification or hands\\-on experience in Lean Management, Six Sigma, Kaizen, or similar methodologies.
* Languages: Fluent in German and English.


 Equal Opportunity Employer Statement
   

  

 We want to be a fair and inclusive employer. We value the diverse perspectives that a diverse workforce brings to the table. Therefore, we are actively looking for people who enrich our company through their identity, background and personal experiences, with or without a disability.
   

  

**Benefits:**
* At Riverty, you can be who you are. We are committed to creating an inclusive environment and a culture of appreciation, enriched by our employee networks.
* Prioritize your health with supported sports and leisure activities.
* Take advantage of our numerous training and development opportunities! Enhance your skills with training offered by the Bertelsmann University, language courses, or leadership training.
* Benefit from our discounts on Bertelsmann products and financial incentives.
* With our diverse work models, you can tailor your work to your preferences. Take advantage of mobile office, flexible working hours, and part\\-time models.","Financial Services","https://de.linkedin.com/company/riverty","https://media.licdn.com/dms/image/v2/D4E0BAQGGEdiW34mnvA/company-logo_100_100/B4EZgXZJyzHgAQ-/0/1752739127005?e=2147483647&v=beta&t=OGK4vF0JgGsgV9kUvfOvYl0m0OlqVOiE7QNkM1hsMlo","","","","","","","","","","",""
"li-4326351385","linkedin","https://www.linkedin.com/jobs/view/4326351385","","Project Manager","Westinghouse Electric Company","Mannheim, Baden-Württemberg, Germany","2026-05-30","fulltime","","","","","",False,"mid-senior level","Project Management and Information Technology","","","At Westinghouse Electric Company, we are pioneers in nuclear technology and our technology is the basis for nearly half of the world's commercial nuclear power plants in operation. Today, we are also building several new reactors that contribute to more fossil\\-free energy. Globally, we have over 10,000 employees in 19 countries, of which 1,000 are at our Swedish workplaces in Västerås and Täby. Our Swedish operations were founded in 1969 and supply nuclear fuel as well as products and services in automation, maintenance, testing and decommissioning for customers around the world. Read more about us www.westinghousenuclear.com .
   

  

 Project Manager – Environmental Solutions (D\\&D Projects)
   

  

**Westinghouse Electric Company** 
**Mannheim**
**Welcome to the future of nuclear energy** 
 , where Westinghouse Electric Company is leading the field with expertise and innovation to shape the power of tomorrow.
   

  

 At Westinghouse, innovation is in our DNA. We are creative. We think differently. We reimagine the possible across the nuclear industry every day.
   

  

**About The Role**
 As a Project Manager you will lead major D\\&D projects in Germany, with budgets ranging from €25M to €120M. This position involves managing cross\\-functional teams of 10–30 professionals, including technical experts, site operations, and back\\-office functions (project controls, administration, procurement). You will ensure projects are delivered safely, on time, and within budget in a highly regulated environment.
   

  

 You will report to the Project Director and be located at Mannheim.
   

  

**Key Responsibilities**
* Lead all aspects of project execution: scope, schedule, cost, risk, procurement, quality, resources, and stakeholder engagement.
* Develop and maintain project management plans, baselines, and risk registers.
* Manage multidisciplinary teams in a matrix environment; foster collaboration and accountability.
* Oversee financial performance, forecasting, and reporting.
* Maintain strong relationships with clients, regulators, and internal stakeholders.
* Ensure compliance with safety, environmental, and regulatory requirements.
* Drive continuous improvement and lessons learned.


**Qualifications:**
* Education: Bachelor’s degree in Project Management, Engineering, Business, or related field. Preferred: Advanced degree.
* Experience: 5–10 years of project management experience in technical industries; proven track record managing large, complex projects (€25M–€120M).
* Certifications: PMI PMP or equivalent preferred.
* Languages: Fluent English and German required; Spanish, French, or Italian is a plus.
* Technical Skills: Advanced knowledge of scheduling and cost management tools (Primavera/MSP, SAP); proficiency in MS Office and data visualization tools; familiarity with risk management tools.
* Soft Skills: Strong leadership, strategic thinking, communication, and negotiation abilities.


**Why Westinghouse?**
 We know that to put forth your best effort, you need to be challenged and enjoy what you do in a supportive and respectful environment. We aim to maintain this balance by offering our employees the amenities, benefits and training they need to reach personal and professional goals.
   

  

**Below is an example of what employees in Germany can expect:** 
  

  

* Great benefits for your convenience and safety
+ Employee Assistance Program: confidential counseling and resources for employees, eligible dependents, and household members
+ Peer\\-to\\-peer recognition program.
+ Learning and development opportunities.

* We encourage our employees to participate in community service events and other team\\-building activities to strengthen their bonds and inspire each other.


**You can learn more about Westinghouse by visiting** 
 http://www.westinghousenuclear.com .
   

  

 Westinghouse is an Equal Opportunity Employer including Veterans and Individuals with Disabilities.
   

  

**Get connected with Westinghouse on social media:** 
**Twitter** 
**\\|** 
**Facebook** 
**\\|** 
**LinkedIn** 
**\\|** 
**YouTube**
**We Offer**
 At Westinghouse, we offer an inspiring work environment in a high\\-tech industry. You will be a part of a network of global experts from several different areas and we offer great opportunities for competence development and career growth, both in Sweden and abroad. As a member of our team, you will work together with engaged colleagues and be a part of an environment that is both challenging and supportive. Many of our positions are based in activity\\-based environments which enables a flexible workplace.
   

  

 At Westinghouse, we have a strong safety culture.
   

  

 Westinghouse is an employer that treats everyone equally.
   

  

**Some of the benefits employees in the Sweden can expect:**
* Wellness Allowance
* Flexible pay opportunities via our Benefit portal
* Work hour reduction (ATF) and occupational pension (ITP)
* ASB Insurance: compensation for the cost of health care, dental care hearing aids, glasses and more
* Employee Assistance Program: confidential counseling and resources for employees, eligible dependents, and household members
* Employee Referral Program: potential for employees to earn a monetary award for referring other qualified candidates to Westinghouse


**Get connected with Westinghouse on social media:** 
**Twitter** 
**\\|** 
**Facebook** 
**\\|** 
**LinkedIn** 
**\\|** 
**YouTube**","Utilities","https://www.linkedin.com/company/westinghouse-electric-company","https://media.licdn.com/dms/image/v2/C560BAQFWaS02vzdXNg/company-logo_100_100/company-logo_100_100/0/1649970263603/westinghouse_electric_company_logo?e=2147483647&v=beta&t=8n78RMtzvYGeTX0LYuEht-OmpF6ouRj2pk8g_ydvetM","","","","","","","","","","",""
"li-4412198959","linkedin","https://www.linkedin.com/jobs/view/4412198959","","Project Manager (Germany)","Indero (formerly Innovaderm)","","2026-05-30","fulltime","","","","","",False,"not applicable","Project Management and Information Technology","","","The Project Manager ensures the successful initiation, planning, execution, monitoring, controlling and closure of assigned clinical research projects. The Project Manager I must ensure compliance with the study budget, project scope and timelines and in accordance with applicable standard operating procedures (SOPs), good clinical practices, regulatory and study\\-specific requirements. These tasks are done under close supervision by Senior Project Manager/Program Director and/or Associate Director, Project Management
   

  

**This role will be perfect for you if:**
* We can count on you to deliver results while using a disciplined approach to project management
* You are looking for the next career step to prepare you to become a project manager.
* You are knowledgeable about clinical research projects and looking to continue learning.
* Working in an organization that is driven by science and innovation and completing meaningful work is important to you.


**Responsibilities**
* May serve as primary contact for the Sponsor, vendors and internal team throughout the study.
* Coordinates tasks and deadlines between the different departments involved in the project.
* Oversees project coordinators, SSU team members, RDA and RAC resources to ensure correct prioritization of site activation activities amongst team members
* Interacts with vendor management to ensure vendor supplies and services are coordinated for with site activation timelines
* Escalates to project manager II when site activation timelines are at risk or cannot be maintained.
* Assists with managing the needs and expectations of the Sponsor and other internal and external project stakeholders.
* Assists with ensuring all team members are adequately trained on the project.
* May plan the activities and resources (e.g. internal and external resources, equipment, etc.) required for the project.
* Manages the quality of assigned work and deliverables
* Assists with providing project status updates to external and internal stakeholders
* Ensures assigned tasks are completed in compliance with the study budget, project scope and timelines and in accordance with applicable standard operating procedures (SOPs), good clinical practices, regulatory and study\\-specific requirements.
* Reconciles study trackers
* Assists with analyzing discrepancies between planned and actual results and participates in the development and implementation of corrective actions to be taken as needed.
* Assists with enforcing effective change control and risk management throughout the project.
* Reviews and may assist in the drafting of project operational plans, processes, and manuals as applicable (e.g., project management plan, monitoring plan, etc.).
* Assists with ensuring that study specific documents and project deliverables (e.g., protocol, informed consent form, electronic case report form (eCRF), tables/listings/figures (TLFs), clinical study report, etc.) meet applicable country requirements.
* Oversee activities related to sites selection (feasibility questionnaires, sites selection, planning of site qualification visits)
* Monitors patient recruitment, subject status, and follows up with sites on recruitment strategy plan.
* Participates in the planning and conduct of Investigator’s Meeting.
* In collaboration with the Regulatory Affairs group, may oversee activities related to central ethics and regulatory submissions.
* Ensures collection of required essential documents from the sites prior to study initiation and maintains of currency of site level documentation throughout the study.
* May assist the project manager II with quality reviews and or audits of the Trial Master File (TMF) to ensure inspection readiness.
* May support clinical monitoring activities, such as CRA training, visit report review, site letters, and escalated site issues
* May track site qualification, initiation, routine and close\\-out visits, project\\-specific training, monitoring visit reports and follow\\-up letters, compliance with monitoring plan, escalation of site\\-related issues.
* Maintains the project specific training matrix and confirms project team members are fully training per the study matrix prior to team members performing study tasks
* Supports the sites and ensures that each site has the necessary material to adequately perform the study (e.g., investigational product, study supplies, special equipment, safety lab kits, etc.).
* In collaboration with the Data Management group, may ensure that the CRF complies with the protocol and Sponsor requirements and ensures queries resolution and data review process follow the study timelines until database lock.
* May provide technical, therapeutic and project management expertise in training and process improvement efforts for the department.


 Requirements:
   

  

**IDEAL PROFILE**
**Education**
* B.Sc. in a related field of study to clinical research


**Experience**
* At least 3 years of experience in a similar role, including activities related to management of clinical studies in the pharmaceutical, biotechnology and/or CRO industry
* At least 2 years experience coordinating activities related clinical trial management


**Knowledge And Skills**
* Excellent knowledge of GCP and ICH standards, FDA and Canadian regulations
* Excellent knowledge of Microsoft Office suite
* Excellent oral and written skills in English, French is an asset
* Excellent communication skills
* Ability to work in a team environment and establish good relationships with colleagues and sponsors
* Good problem\\-solving abilities
* Good organizational skills
* Strong ability to carry out different projects and work under pressure while meeting timelines
* Experience managing small to medium projects using a disciplined approach to project management
* Core Project Management competencies
* Demonstrated ability to establish and deliver resource\\-based project plans
* Excellent people management skills; experience working with and managing teams in a matrix environment


 Our company:
   

  

**The work environment**
**At Indero, you will work with brilliant and driven colleagues. Our values are collaboration, innovation, reliability, and responsiveness. We offer a stimulating work environment and attractive advancement opportunities.**
**Work location**
**Note that this opening is for a home\\-based position in Germany**
**About Indero**
**Indero is a contract research organization (CRO) specialized in dermatology. Since its beginnings in 2000, our organization has benefited from a solid reputation for the quality of its research and services exceeding the expectations of its clients. Based in Montreal, Indero continues to grow and expand in North America and Europe.**
*Indero is committed to providing equitable treatment and equal opportunity to all individuals. As such, Indero will provide accommodations throughout the recruitment and selection process to applicants with disabilities, upon request.*
*Indero only accepts applicants who can legally work in Germany.*","Research Services","https://ca.linkedin.com/company/inderocro","https://media.licdn.com/dms/image/v2/D560BAQFDlfQ4j_IghA/company-logo_100_100/B56ZVw2iVtHQAY-/0/1741355099784/innovaderm_research_inc__logo?e=2147483647&v=beta&t=zdTl08JRAdPoi8O4AuJK12LS4y0Z_w7ltr_e-jfx08k","","","","","","","","","","",""
"li-4380083981","linkedin","https://www.linkedin.com/jobs/view/4380083981","","Internship Project Management (m/f/d)","Publicis One Touch","Hamburg, Hamburg, Germany","2026-05-30","fulltime","","","","","",False,"not applicable","Project Management and Information Technology","","","**Company Description**
 Help shaping the next chapter of an icon.
   

  

 NIVEA — a skincare brand loved for generations — is evolving fast.
 **Publicis One Touch** 
 is the dedicated Publicis Groupe x Beiersdorf collaboration built to drive that transformation.
   

  

 We’re a global, interdisciplinary agency working side\\-by\\-side with our clients to build a connected, data\\-driven marketing ecosystem, where sharp insights fuel powerful, consumer\\-first creativity. From global product launches to social, digital, packaging and experiences, you’ll help create work that people feel, share, and remember.
   

  

 If you’re curious and thrive in collaborative, high\\-impact teams and want to help create real brand love, join us.
   

  

 We are seeking a highly motivated
 **Intern Project Management (m/f/d)** 
 to join our team in Hamburg.
   

  

**Overview**
 As an intern, you will gain insight into the day\\-to\\-day reponsibities of a project manager and agency life.
   

  

**Responsibilities**
 You will support the team throughout the project life\\-cycle by taking on different tasks, such as:
   

  

* Coordinating project activities and preparing cost estimates
* Monitoring timelines, tracking progress, and managing deadlines
* Assisting with budget tracking, invoicing, and ensuring on\\-time, high\\-quality delivery


**Qualifications**
* You are currently an enrolled student in a degree program closely related towards adverstising, marketing or business
* You are looking for a mandatory internship according to your study programm for a duration of 4 to 6 months
* You are eager to learn and to get involved in exciting projects
* Communication is your strength, especially interculturally!
+ You are fluent in English (German skills are a plus).

* You enjoy juggeling numbers and have experience working with Mircosoft Office programs


**Additional Information**
 We offer
   

  

* Diverse insights into the talent division of an international agency
* The opportunity to gain valuable practical experience and contribute your own ideas
* Flexible working hours that are compatible with your studies
* A friendly, open working environment in a dynamic, international team
* Modern office space in the heart of the city and the option of mobile working


 Would you like to join our team and contribute your passion for project management in an international environment? Then we look forward to receiving your complete application, including your resume, certificate of
   

  

 We look forward to hearing from you!","Advertising Services","https://de.linkedin.com/company/publicis-one-touch","https://media.licdn.com/dms/image/v2/C4D0BAQFZCU1hbcXL2g/company-logo_100_100/company-logo_100_100/0/1630523137277?e=2147483647&v=beta&t=y052XV1Pdr1WrQ1PXZYZLGHSmq24HNSn-x3cROCWDCo","","","","","","","","","","",""
"li-4422013065","linkedin","https://www.linkedin.com/jobs/view/4422013065","","Project Manager","Geek+","Düsseldorf, North Rhine-Westphalia, Germany","2026-05-29","fulltime","","","","","",False,"mid-senior level","Project Management","","","Geek\\+ is a global technology company specialized in smart logistics. We apply advanced robotics and artificial intelligence technologies to create solutionsfor warehouse and factory operations.
 



  





 With the rise of e\\-commerce and the demand for a faster and more flexible movement of goods, warehouse and manufacturing operators are facing increasingly complex production and logistic challenges today. Speed, product diversification, same\\-day delivery, volume, safety… these concerns are impacting a wide range of industries, from apparel, retail, automotive, to even electronics, energy and pharmaceutical industries.
 



  





 Geek\\+ was founded to be the solution to these problems. We make logistics affordable, efficient, flexible, safe and agile. Our vision is to establish a fully automatedand intelligent supply chain globally.
 



  





**Responsibility** 



* Lead the complete project life cycle from kick off to handover
* Act as the main point of contact for ALL aspects during project delivery
* Align project scope, schedule and resource planning with sales and other functional teams
* Create and own project communication plans (internal \\& external)
* Motivate project team and facilitate on\\-time delivery of project team’s deliverables
* Work at least 50% onsite during installation and testing phases
* Plan project budget and manage project margin
* Actively manage project finance including invoicing, milestone payments, freight, travel expenses, change orders and contractor payments
* Control project scope and manage scope change process with client



  





**Required Skill and Capability** 



* Bachelor's degree in Logistics, Supply Chain Management, Robotic Automation, IT, Mechanical or Electrical Engineering.
* At least 3 years of project management experience. Knowledge of warehouse management, logistics solutions, 3PL, automation, or related fields.
* Business fluency in English, other European language is a plus
* Excellent communication and presentation skill
* Proficiency in AutoCAD, WMS, or other IT infrastructure
* Accept business travel frequently across EMEA region (up to 60\\-80% of the time)



  





**Preferred qualifications, capabilities, and skills** 



* Have a sense of responsibility, work conscientiously and responsibly
* Outstanding resilience, capable of maintaining composure in fast\\-paced work environments
* Ability to prioritize multiple complex situations to deliver successful results
* Strong and effective skills in problem solving","Transportation, Logistics, Supply Chain and Storage","https://www.linkedin.com/company/geekplusrobotics","https://media.licdn.com/dms/image/v2/C560BAQGU01Hx17f3NA/company-logo_100_100/company-logo_100_100/0/1630665232978/geekplusrobotics_logo?e=2147483647&v=beta&t=MKn8xxro5vZ_ErWRqtCxwArmhU87H4apIpPFl1dCtZk","","","","","","","","","","",""
"li-4422005429","linkedin","https://www.linkedin.com/jobs/view/4422005429","","Project Manager - Remote Work","BairesDev","Berlin, Germany","2026-05-29","fulltime","","","","","",True,"mid-senior level","Information Technology","","","At BairesDev®, we've been leading the way in technology projects for over 15 years. We deliver cutting\\-edge solutions to giants like Google and the most innovative startups in Silicon Valley.
 



  





 Our diverse 4,000\\+ team, composed of the world's Top 1% of tech talent, works remotely on roles that drive significant impact worldwide.
 



  





 When you apply for this position, you're taking the first step in a process that goes beyond the ordinary. We aim to align your passions and skills with our vacancies, setting you on a path to exceptional career development and success.
 



  





 Project Manager at BairesDev
 



  





 As a Senior Project Manager, you'll oversee one or more medium/large Staff Augmentation projects, typically delivering specific products or transformations via multi\\-disciplinary, highly skilled engineering teams. This is your opportunity to lead complex technical initiatives, drive project profitability, and build strong relationships with clients while developing high\\-performing teams across global locations.
 



  





 What You'll Do:
 



  





 \\- Plan and monitor job results, coaching, counseling, and disciplining employees while coordinating and enforcing company systems, policies, and procedures.
 



 \\- Retain staff by maintaining a reliable and communicative work environment, developing personal interaction with team members, and looking for growth opportunities.
 



 \\- Strategically analyze and improve billable utilization, planning capacity and forecasting project profitability.
 



 \\- Accomplish financial objectives by forecasting financial results, scheduling expenditures, analyzing variances, and initiating corrective actions.
 



 \\- Take a proactive role in identifying farming opportunities in existing clients and create and deliver value to all internal and external stakeholders.
 



 \\- Maintain the organization's effectiveness and efficiency by following, delivering, and supporting strategic plans for implementing technologies.
 



  





 What we are looking for:
 



  





 \\- 4\\+ years of experience as a Project Manager.
 



 \\- Experience in the IT industry.
 



 \\- Bachelor's degree in Software Engineering or Computer Science.
 



 \\- Advanced level of English.
 



 \\- Location: Europe.
 



  





 How we do make your work (and your life) easier:
 



  





 \\- 100% remote work (from anywhere).
 



 \\- Excellent compensation in USD or your local currency if preferred
 



 \\- Hardware and software setup for you to work from home.
 



 \\- Flexible hours: create your own schedule.
 



 \\- Paid parental leaves, vacations, and holidays.
 



 \\- Innovative and multicultural work environment: collaborate and learn from the global Top 1% of talent.
 



 \\- Supportive environment with mentorship, promotions, skill development, and diverse growth opportunities.
 



  





 Apply now and become part of a global team where your unique talents can truly thrive!","IT Services and IT Consulting","https://www.linkedin.com/company/bairesdev","https://media.licdn.com/dms/image/v2/D4E0BAQGNvQASzrdL_w/company-logo_100_100/company-logo_100_100/0/1687874736484/bairesdev_logo?e=2147483647&v=beta&t=O-1i-F9arEGwUjngSlvE7NWxL-mpYFwN_XZxHy0C03s","","","","","","","","","","",""
"li-4409629041","linkedin","https://www.linkedin.com/jobs/view/4409629041","","Project Manager","QCS Staffing","Berlin, Berlin, Germany","2026-05-29","fulltime","","","","","",False,"mid-senior level","Project Management and Information Technology","","","**Project Manager (German\\-speaking) \\- Berlin, Germany \\- 18 Month Contract**
 Our client is a long‑established European construction and engineering group operating across infrastructure, mobility, renewable energy, and major civil engineering. Known for its advanced use of precast technology, BIM, and lean methods, it delivers complex, high‑value projects efficiently. With several thousand employees and international operations, it has a strong reputation for innovation in modern construction.
   

  

 They are looking for a Project Manager, to help assist their project based in Berlin.
   

  

**What You'll Do**
* Independent and self\\-reliant preparation and execution of demanding engineering / railway construction projects
* Comprehensive construction project management and control of subcontractor services
* Management and development of construction site personnel – including deployment planning as well as motivation and promotion of professional qualifications
* Responsible for ensuring compliance with quality, schedule and cost requirements throughout all project phases.


**What you'll need:**
* Professional experience in the independent management of construction projects in the field of civil engineering / or railway construction (€50m )
* Fluent in German.
* Confident handling of the RIB iTWO construction software
* Good knowledge of the application of MS365, especially MS Office and MS Project.


**If this role is of interest, apply now!**","Staffing and Recruiting","https://uk.linkedin.com/company/qcs-staffing","https://media.licdn.com/dms/image/v2/D4E0BAQG79r30F4LDqw/company-logo_100_100/B4EZyO.3eFJcAU-/0/1771925371176/qcs_staffing_logo?e=2147483647&v=beta&t=ovZziA4l49aejZLWW19FE5e7coGFnYV28khCVImbP7k","","","","","","","","","","",""
"li-4415213744","linkedin","https://www.linkedin.com/jobs/view/4415213744","","Creative Project Manager","Designity","","2026-05-29","fulltime","","","","","",True,"mid-senior level","Project Management","","","Designity is a
 
 Creative\\-as\\-a\\-Service (CaaS) platform
 
 redefining how brands scale their creative and marketing efforts and teams. We connect brands with top creative and marketing experts, guided by experienced Creative Directors and powered by a collaborative platform that delivers fast, high\\-impact results.
 



  





 Trusted by brands like Calendly, Kung Fu Tea, and Marriott, Designity offers a more cost\\-efficient and flexible alternative to expensive agencies and in\\-house teams \\- while giving top creatives the environment to do their best work.
 



  





 As a
 **Creative Project Manager** 
 , you’ll be the operational heartbeat behind bold, high\\-impact creative work. You’ll take ownership of complex initiatives end\\-to\\-end, turning client goals into structured, seamless execution and guiding each phase with confidence. Balancing timelines, scope, communication, and collaboration, you’ll keep every moving piece aligned, clear, and progressing with momentum.
 



  





 From brand identities and campaigns to websites and content production, you’ll lead teams through the full creative lifecycl
 **e** 
 , ensuring work moves forward efficiently and stakeholders stay supported and informed. With modern AI tools at your disposal, you’ll streamline workflows, remove bottlenecks, and create an environment where creatives can focus on craft, clients feel cared for, and exceptional work is delivered consistently.
 



  





 If you love empowering creative teams, taking ownership of delivery, and leading client partnerships with confidence and calm, this role is built for you.
 



  





**Your role:** 



* Lead complex creative projects end\\-to\\-end, including branding, campaigns, websites, and content, ensuring every phase moves forward with clarity, alignment, and momentum.
* Translate client goals into structured briefs, realistic timelines, and strategic plans that set both Creative Directors and creative teams up for success.
* Partner closely with Creative Directors to align on strategy, guide creative direction, and ensure the final output delivers both creative excellence and business impact.
* Manage scope, schedules, deliverables, and communication across multiple projects, balancing speed with uncompromising quality.
* Guide designers, writers, and other creatives through the workflow, facilitating reviews, resolving roadblocks, and keeping work on\\-brand, on\\-strategy, and on time.
* Lead client communication with confidence, presenting work, setting expectations, and navigating feedback cycles with clarity and professionalism.
* Use AI tools to streamline task management, improve efficiency, anticipate risks, and keep projects running smoothly from start to finish.



**What you bring:** 



* 5\\+ years managing creative projects in an agency or similar environment.
* Strong understanding of branding, digital design, marketing, and content workflows.
* Proven ability to lead cross\\-functional teams and manage multiple fast\\-paced projects.
* Confidence in owning client communication, presenting work, and guiding feedback cycles.
* Experience with project management tools and a track record of using AI or automation to improve efficiency.
* Highly organized, adaptive, and self\\-driven in a fully remote environment.
* A bachelor’s degree in a related field is a plus



  





 As we partner closely with
 **clients across the U.S.,** 
 we ask for at least
 **6 hours of overlap with U.S. Eastern Time (EST)** 
 to make collaboration easy and effective.
 



  





**What You’ll Enjoy:** 



* Collaboration with top\\-tier creatives and ambitious brands
* Working remotely in a vibrant virtual office with exceptional talent from around the world
* Paid PTO to relax and recharge.
* Professional growth opportunities and ongoing skill development
* A fast\\-moving, supportive team environment



  





**To be considered for this role, please complete your application at
 
 www.designity.com/careers/creative\\-project\\-manager**




  





 Our team reviews every submission carefully and will contact candidates who best fit the role within
 **2–3 weeks** 
 .
 



  





 Thank you for your interest in Designity. We truly appreciate the time and effort you put into applying.
 



  





 At Designity, employment decisions are based on business needs, qualifications, and merit.
 



  





 We’re an Equal Opportunity Employer that values diversity in backgrounds, perspectives, and experiences; it’s what makes our team and our work stronger.
 



  





*Be cautious when applying. Official communications from Designity will come only from the Designity.com domain.* 




  





*We will never request payment details. Beware of scammers using fake domains like Designity.team to attempt fraud.*","Design Services, Marketing Services, and Advertising Services","https://www.linkedin.com/company/designitycom","https://media.licdn.com/dms/image/v2/D4E0BAQG98LqWd1fssw/company-logo_100_100/company-logo_100_100/0/1665007923860/designitycom_logo?e=2147483647&v=beta&t=np3PuNhA2FJOAEtT70KOo5CqvjUp1uNSQgaZg4jjxhk","","","","","","","","","","",""
"li-4415202876","linkedin","https://www.linkedin.com/jobs/view/4415202876","","Manager; Creative Project Management Team","Designity","","2026-05-29","fulltime","","","","","",True,"director","Management and Project Management","","","Designity is a
 
 Creative\\-as\\-a\\-Service (CaaS)
 
 platform redefining how brands scale their creative and marketing efforts and teams. We connect brands with top creative and marketing experts, guided by experienced Creative Directors and powered by a collaborative platform that delivers fast, high\\-impact results.
 



  





 Trusted by brands like Calendly, Kung Fu Tea, and Marriott, Designity offers a more cost\\-efficient and flexible alternative to expensive agencies and in\\-house teams \\- while giving top creatives the environment to do their best work.
 



  





 As a CPM Manager, you will oversee and elevate a team of Creative Project Managers, ensuring consistent, high\\-quality delivery across multiple client engagements. This role focuses on leadership, strategy, and delivery excellence, with accountability for team performance, operational standards, and client satisfaction rather than day\\-to\\-day execution.
 



  





 If you’re energized by leading people, improving systems, and owning delivery outcomes while partnering closely with creative leadership, this role offers the opportunity to make a meaningful impact at scale.
 



  





**Your Role** 



* Lead, coach, and manage a team of Creative Project Managers (CPMs), owning onboarding, performance, growth, and day\\-to\\-day leadership.
* Provide ongoing mentorship and feedback to help CPMs grow in confidence, efficiency, and leadership capability
* Oversee delivery performance and project health across client engagements by reviewing timelines, capacity, risks, and execution accuracy across the team
* Analyze and present delivery data to assess performance, surface risks, and recommend efficiency or project management improvements when needed
* Act as the primary escalation point for delivery challenges and client concerns, supporting CPMs in problem\\-solving and stepping into client conversations when needed.
* Support hiring, onboarding, and ramp\\-up of new CPMs as the team grows
* Collaborate cross\\-functionally with leadership and operations to align delivery with business goals and to identify system improvements.



  





**What You Bring** 



* 2\\-3\\+ years of experience leading or managing Creative Project Managers, including hiring, onboarding, coaching, and performance management
* 7\\+ years of experience managing creative projects in an agency or similar environment
* Deep understanding of creative workflows across branding, campaigns, digital, and content
* Confidence managing client relationships and navigating escalations or complex delivery challenges
* Comfortable using project management tools and AI\\-enabled workflows to increase efficiency and visibility
* Analytical and systematic thinker, comfortable using data and reporting to assess and improve project health
* Highly organized, strategic, and self\\-driven in a fast\\-paced, fully remote environment
* Ability to maintain at least 4 hours of overlap with U.S. Eastern Time (EST).



  





**What You’ll Enjoy** 



* Leading and shaping a high\\-performing CPM team while improving delivery standards across the organization
* Collaboration with top\\-tier creatives and ambitious brands
* Working remotely in a vibrant virtual office with exceptional talent from around the world
* Paid PTO to relax and recharge
* Professional growth opportunities and ongoing skill development
* A fast\\-moving, supportive team environment.



  





 To be considered for this role, please complete your application at
 
 www.designity.com/careers/creative\\-project\\-management\\-\\-\\-manager
 




*Our team reviews every submission carefully and will contact candidates who best fit the role within 2–3 weeks.* 




  





*Thank you for your interest in Designity. We truly appreciate the time and effort you put into applying.* 




*At Designity, employment decisions are based on business needs, qualifications, and merit.* 




*We’re an Equal Opportunity Employer that values diversity in backgrounds, perspectives, and experiences; it’s what makes our team and our work stronger.* 




  





*Be cautious when applying. Official communications from Designity will come only from the Designity.com domain.* 




*We will never request payment details. Beware of scammers using fake domains like Designity.team to attempt fraud.*","Design Services, Marketing Services, and Advertising Services","https://www.linkedin.com/company/designitycom","https://media.licdn.com/dms/image/v2/D4E0BAQG98LqWd1fssw/company-logo_100_100/company-logo_100_100/0/1665007923860/designitycom_logo?e=2147483647&v=beta&t=np3PuNhA2FJOAEtT70KOo5CqvjUp1uNSQgaZg4jjxhk","","","","","","","","","","",""
"li-4400833451","linkedin","https://www.linkedin.com/jobs/view/4400833451","","Program Manager / Projektmanager Automotiv (all gender)","ALTEN Germany","Munich, Bavaria, Germany","2026-05-29","fulltime","","","","","",False,"entry level","Project Management","","","Die ALTEN Consulting Services GmbH bietet mit über 20 Jahren Branchenerfahrung ihren namhaften Kunden aus Industrie und Wirtschaft hochspezialisierte Engineering\\- und IT\\-Dienstleistungen zur gemeinsamen Realisierung von branchen\\- und technologieübergreifenden Lösungen an.
 



  





 Kompetenz, Engagement und Leidenschaft verbinden alle unsere Mitarbeiter der ALTEN Consulting Services GmbH. Dabei stehen ein partnerschaftliches Miteinander, ein starkes WIR\\-Gefühl, der persönliche Kontakt zu unseren Kunden und die Kreativität jedes Einzelnen stets im Fokus. Werde auch Du Teil unserer Erfolgsgeschichte.
 



  





 Gehalt: 65\\.000 \\- 80\\.000 Euro, Wochenstunden: 40
 



 Standort: München
 



 Referenznummer: \\#505438
 



  





**Make it happen** 




**DU...** 



* betreust selbstständig übertragene Projekte und stellst die Einhaltung von Projektmeilensteinen und \\-zielen sicher
* überwachst fachbereichsübergreifend die Prozesse und unterstützt die Abarbeitung im Projektteam
* erstellst Präsentationen und Terminschienen auf Basis der beauftragten Meilensteine
* kooperierst eng mit den Fachbereichen Entwicklung, Industrial Engineering, Einkauf, Qualität, Produktion, Logistik und Sales
* leitest fachbereichsübergreifende Projektteams zur Umsetzung technischer Änderungen über die gesamte Projektlaufzeit
* koordinierst und verantwortest die Prototypenerstellung für Kunden\\- und Testbedarfe



  





**Be our forward thinker** 




**DU...** 



* hast ein abgeschlossenes Studium im Bereich Ingenieurwesen, Wirtschaft oder eine vergleichbare Qualifikation
* besitzt erste Erfahrung im Projektmanagement, idealerweise in der Automobilbranche
* hast eine strukturierte und lösungsorientierte Arbeitsweise
* bringst gute Kommunikationsfähigkeiten mit und arbeitest gerne im Team
* hast fundierte Kenntnisse im Umgang mit MS Office / MS 365 Anwendungen sowie Jira und Confluence
* verfügst über verhandlungssichere Deutsch\\-und Englischkenntnisse



  





**A home where people learn and thrive** 



* Zukunftsorientierter Arbeitsplatz mit unbefristetem Arbeitsvertrag
* Attraktive Vergütung
* Mobiles Arbeiten nach Absprache
* Individuelle interne und externe Weiterbildungen
* Flexible Arbeitszeitgestaltung mit Gleitzeitkontenregelung
* Persönlichen Ansprechpartner","Motor Vehicle Manufacturing","https://de.linkedin.com/company/altengermany","https://media.licdn.com/dms/image/v2/D4D0BAQFXdrmd_Ld6yg/company-logo_100_100/company-logo_100_100/0/1715246651369/altengermany_logo?e=2147483647&v=beta&t=IlrGahAi2XyrMUE3GTkkbcNb-ZiemYDEhh2xKhRgK2s","","","","","","","","","","",""
"li-4417955542","linkedin","https://www.linkedin.com/jobs/view/4417955542","","Program Manager (all genders)","Impossible Founders","Hamburg, Hamburg, Germany","2026-05-29","fulltime","","","","","",True,"associate","Project Management","","","**Your mission**
 At Impossible Founders, we're building Germany's boldest DeepTech Startup Factory. Our mission: to turn disruptive technologies into real businesses that change the world. We partner with top researchers, fearless entrepreneurs, and leading institutions to launch ventures in fields like AI, quantum tech, new materials, and Green Tech. If you're ready to build what others think is impossible — this is your place.
   

  

 In this early stage of Impossible Founders, you help shape the core of what we do: our entrepreneurship, incubation, and acceleration programs. You design, implement, and continuously improve the formats that support our founders along their DeepTech journey.
   

  

 You will own a specific focus area, like Green Tech, New Materials, or advanced engineering solutions, and within this focus area will coordinate internal processes, support startups personally, and make sure everything runs smoothly across all program activities. As we grow, you will continuously deepen our expertise and expand our network to support your focus area, with plenty of room to grow and take ownership.
   

  

**Program \\& Strategy Delivery**
* Own and grow our deeptech founder programs: design, plan, and run incubators, accelerators, bootcamps, workshops, and new experimental formats that move teams from idea to traction.
* Keep us ahead of the curve: benchmark our initiatives nationally and internationally, spot trends in deeptech, and turn them into actionable improvements that will enable our startups to succeed.


**Founder Success \\& Coaching**
* Be the go\\-to partner for founders: lead regular check\\-ins, run coaching sessions, connect the right mentors at the right moment, and create an environment where founders feel challenged and supported.
* Guide mentoring with intention: manage mentor matching and ensure mentoring relationships are productive, relevant, and outcome\\-driven.


**Ecosystem \\& Partnerships**
* Build an ecosystem in your focus area: develop and maintain partnerships with startups, experts, corporates, and investors, to unlock pilots, customers, capital, and top\\-tier expertise for our startups.


**Community, Events \\& Experience**
* Create moments that founders remember — organize high\\-energy events, workshops, and networking formats that spark collaborations, deal flow, and honest peer learning.


**Impact, Reporting \\& Stakeholdermanagement**
* Make impact visible and fundable — track progress, monitor outcomes, and translate results into crisp reports for management and funding bodies, showing what worked, what didn’t, and what’s next.


**Your profile**
 The role of Program Manager calls for someone who loves enabling founders to move forward. You understand what it takes to turn ideas into companies – through experience in startup or innovation programs, as an investor in DeepTech startups, or by working closely with founders. You navigate confidently between structure and flexibility and feel at home in the DeepTech and startup ecosystem.
   

  

 Because Impossible Founders is still in an early build\\-up phase, we’re looking for someone with a strong hands\\-on mentality. You like to take ownership, test formats, and iterate quickly based on feedback. You’re not afraid to get into the operational details and at the same time, you keep the overall founder journey in mind.
   

  

**What Matters Most To Us**
* Experience in at least one relevant DeepTech field — particularly Green Tech, New Materials, or advanced engineering solutions — ideally gained through work with startups, investors, research institutions, or innovation programs
* Solid understanding of entrepreneurship, innovation management, or tech\\-driven business models
* Strong organizational skills and a structured, reliable way of working – you keep track of many moving parts
* High ownership and a proactive mindset – you spot what’s needed and make it happen
* Genuine motivation to support founders and tech ideas, not just “run a program”
* Team\\-oriented, collaborative working style – you enjoy building things together rather than alone


**Additionally, it would be a plus if you bring**
* First experience as a founder, co\\-founder, or core team member in a startup
* Experience in working with public or private partners (e.g. universities, corporates, funding bodies)
* Familiarity with startup ecosystems, especially in DeepTech or research\\-based ventures
* Experience in moderating workshops, mentoring formats, or community\\-building activities


**Why us?**
 At Impossible Founders, the people behind the impossible are the most important catalyst. That's why we do everything we can to create a collaborative working environment:
   

  

* Responsibility \\& autonomy: You take on real responsibility from day one and have the freedom to actively shape your role and the company. Output counts, and you are given the freedom you need to do your job in the best possible way.
* Flexible hybrid working: We offer a high degree of flexibility through our hybrid work setup. Mondays are our shared office day, while on other days you can choose whether to work remotely or from the office — depending on what works best for your role, team, and personal circumstances.
* Meaningful mission \\& impact: You will work on projects that address real challenges in AI, climate tech, and beyond. You will achieve impact and visibility by working closely with founders, researchers, and leading partners.
* Collaborative culture \\& diversity: We cultivate a collaborative culture—practical, ego\\-free, and driven by shared responsibility. Our team is characterized by diversity and openness. The company language is English so that everyone feels welcome.


**Attractive working conditions:**
* 30 days of vacation
* Deutschlandticket
* Central office in a prime location
* Choice of your own hardware


**About Us**
**Impossible Founders** 
 is one of Germany’s boldest DeepTech startup factories. Our mission: turning groundbreaking technologies into real companies – with the potential to change the world. We collaborate with leading scientists, fearless founders, and renowned institutions. Our ventures emerge in future\\-focused fields like Artificial Intelligence, Quantum Technology, advanced materials, and Green Tech.
   

  

 If you’re ready to make the seemingly impossible possible, you’re in the right place.
   

  

 We welcome applications from all talented individuals, regardless of gender, age, sexual orientation, ethnicity, cultural background, or abilities. Diversity makes our team stronger!
   

  

 https://www.impossible\\-founders.com/","Software Development","https://de.linkedin.com/company/impossiblefounders","https://media.licdn.com/dms/image/v2/D4E0BAQG72PW5f2CIJw/company-logo_100_100/B4EZZD.XjcHgAQ-/0/1744897145572/impossiblefounders_logo?e=2147483647&v=beta&t=mHSgifPU0eE84NzQWlsWtWm1nMknTosSZFoW65CEDg8","","","","","","","","","","",""
"li-4417942812","linkedin","https://www.linkedin.com/jobs/view/4417942812","","PMO Manager (Project Management Office) - Yoshi en (all genders)","Sunday Natural","Berlin, Berlin, Germany","2026-05-29","fulltime","","","","","",False,"associate","Project Management","","","**Your role**
 We are looking for an experienced PMO Manager (Project Management Office) to support Yoshi en in planning, coordinating, and delivering our most important cross\\-functional projects.
   

  

 In this role, you will work closely with the Executive Management (CEO / COO / Executive Team) and department leads to create clear structures, processes, and transparency around how projects are prioritized and executed across the organization.
   

  

 This role offers strong visibility within the company and the opportunity to grow into a more strategic, executive\\-adjacent role, potentially evolving into a Chief of Staff position over time.
   

  

 What you’ll do
   

  

* Establish and maintain a company\\-wide project management framework (shared standards, tools, templates, and ways of working).
* Support Executive Management in prioritizing projects and aligning them with company strategy and available resources.
* Track and report on the overall project landscape (status, timelines, risks, budgets, and resource usage).
* Support and advise teams on project planning, risk management, and problem\\-solving.
* Ensure clear communication between project teams and Executive Management.
* Prepare structured updates, reports, and presentations for leadership decision\\-making.
* Lead selected complex or high\\-priority projects across multiple teams when needed.


**Your profile**
* A Bachelor’s degree in Business, Management, or a related field (Master’s degree or MBA is a plus).
* 5\\+ years of experience in Project Management, Program Management, or PMO roles (Project Management Office).
* Proven experience setting up or managing project structures in a cross\\-functional organization.
* PMP, PRINCE2, or equivalent project management certification.
* Strong analytical and organizational skills, with a structured and pragmatic working style.
* Excellent communication skills and confidence working with senior stakeholders.
* Experience using project management tools such as Jira, Asana, or Microsoft Project.
* Fluency in English and German.


**What We Offer**
* An appealing discount on all Yoshi en products.
* 28 days of paid time off per year plus up to 5 additional days off between Christmas and New Year.
* Urban Sports Club membership and a subsidy for the BVG public transport ticket.
* Various discounts of up to more than 50% on attractive brands such as Flaconi, Bosch, Apple or Expedia.
* Real ownership, plenty of room for new initiatives, and the opportunity to contribute your expertise and bring your ideas to life.
* Inviting office spaces with access to a wide range of organic teas and superfoods from around the world.
* We celebrate together: regular tea \\& office gatherings, summer festivities, and Christmas parties.


**About Us**
**As a multi\\-brand eCommerce group we are uniting brands such as
 **Yoshi en** 
 ,
 **EdenEve** 
 and
 **Dr. Schweikart** 
 , all driven by the principles of quality, fairness, innovation, and naturalness. Originating as sister companies of Sunday Natural and founded by Jörg Schweikart, these labels operate financially independent, each with its own distinct products and brand identities. Each brand is in diverse phases of business growth, possessing unique products and brand identities.**
****Yoshi en****
**, born out of a passion for tea, comprises more than 20 tea experts and professionals from over 10 countries, eager to share their knowledge and love for tea. Yoshi en thus sees itself not only as a provider of quality teas and accessories but also as an advocate for contemporary tea culture and wholesome living.**","Software Development","https://www.linkedin.com/company/sunday-natural-products-gmbh","https://media.licdn.com/dms/image/v2/C560BAQHRvSXV3wWE7Q/company-logo_100_100-alternative/company-logo_100_100-alternative/0/1630636562850/sunday_natural_products_gmbh_logo?e=2147483647&v=beta&t=95A90Zm61Xv36S2MnEr4eSGQTGr0koOdwvjpFYclEOc","","","","","","","","","","",""
"li-4417945912","linkedin","https://www.linkedin.com/jobs/view/4417945912","","Project Manager (Straßenbaumeister)","Manning Global AG","Frankfurt am Main, Hesse, Germany","2026-05-29","fulltime","","","","","",False,"mid-senior level","Project Management","","","Our client, a leading global ICT company, is recruiting a
 **Project Manager(Straßenbaumeister)** 

 to join their business in
 **Germany.**




**Position Title:**




**Project Manager(Straßenbaumeister)**




**Position Type:**




 Permanent contract
   

  





**Start Date:**




 As soon as Possible
   

  





**Location:**




 Frankfurt, Germany
   

  





**Contact:**




 Ramya Bharathy \\| \\+49 (0\\) 89 23 88 98 36
   

  





**Job Description**



* Control and coordination of fiber optic infrastructure projects
* Awarding contracts, construction supervision, billing and documentation
* Planning and project management of fiber optic networks, carrying out and interpreting final measurements and measurement results
* Order processing and coordination of projects with internal and external partners
* Preparation of project costing, project accounting, post\\-costing and project documentation
* Preparation of tenders, implementation planning, route finding and route planning
* Continuous schedule and cost monitoring as well as quality assurance
* Interface with clients, authorities and internal purchasing department
* Participation in project and construction meetings
* Responsible for managing project team to keep team disciplined, motivation and working spirit to complete target
* Responsible for achieving project target from management



  





**Experience and Skill Requirements**



* Must hold Meisterprüfungszeugnis in
 **Straßenbau certificate (Master Craftsman in Straßenbau)**
* At least 3 years working experience for project management, including and not limited to FTTH, fiber optic.
* Knowledge in the field: CAD basic knowledge
* Good knowledge of Deutsch, both written and spoken.
* Compliance and teamwork
* Willing to travel
* With strong communication skills, good sense of teamwork and strong organization and coordination skills
* Bachelor;s or Master’;s degree","Telecommunications","https://de.linkedin.com/company/manning-global-gmbh","https://media.licdn.com/dms/image/v2/C560BAQFs1QV9lUTeIg/company-logo_100_100/company-logo_100_100/0/1630637567822/manning_global_gmbh_logo?e=2147483647&v=beta&t=E9IANu1Zb-8yl-7r0fxSWXkj7AVKucuWAuraa5HmuZM","","","","","","","","","","",""
"li-4420960325","linkedin","https://www.linkedin.com/jobs/view/4420960325","","Senior Project Manager","NetZero","Berlin, Germany","2026-05-29","fulltime","","","","","",False,"mid-senior level","Consulting and Engineering","","","Senior Project Manager – Data Centres \\| Europe \\| Rotation
 



  





 We are currently recruiting for an experienced Senior Project Manager to support the delivery of major Data Centre projects across Germany, Sweden, and Finland.
 



  





 Working for a specialist building envelope contractor, this role will involve leading projects through delivery, managing teams, driving programme milestones, and ensuring the highest standards of safety, quality, and client satisfaction.
 



  





 Requirements:
 



 • Senior Project Management experience within construction
 



 • Building envelope / façade / roofing experience preferred
 



 • Data Centre or mission critical project experience desirable
 



 • Strong leadership and stakeholder management skills
 



  





 What’s on Offer:
 



 • Major European Data Centre projects
 



 • 3\\-week rotation
 



 • Travel and accommodation covered
 



 • Competitive salary/package
 



 • Long\\-term project pipeline
 



  





 Apply or get in touch for a confidential discussion. My email is cameron@net\\-z.co.uk","Staffing and Recruiting, Engineering Services, and Construction","https://uk.linkedin.com/company/net-zero-ltd","https://media.licdn.com/dms/image/v2/D4E0BAQG8a7pESaNJtw/company-logo_100_100/company-logo_100_100/0/1666963521172/net_zero_ltd_logo?e=2147483647&v=beta&t=oGekav338yNvEdqbg-RUhgzAKrm84AixbQ-PjSQvk2c","","","","","","","","","","",""
"li-4389905806","linkedin","https://www.linkedin.com/jobs/view/4389905806","","Project Manager","Ecolab","Stuttgart, Baden-Württemberg, Germany","2026-05-29","fulltime","","","","","",False,"mid-senior level","Project Management and Information Technology","","","Bei Ecolab bieten wir Ihnen die Möglichkeit, Ihre Fähigkeiten und Berufserfahrung zu erweitern und gleichzeitig mit weltweiten Experten im Bereich der Wasseraufbereitung zusammenzuarbeiten. Als Teil unseres globalen Teams engagieren wir uns für den verantwortungsvollen Umgang mit Wasser \\- der wichtigsten Ressource unseres Planeten \\- und bündeln unsere Talente für eine nachhaltigere Zukunft.
   

  

 Als
 **Projektmanager** 
 (m/w/d) sind Sie verantwortlich für die Leitung von Projekten für Reinstwasser\\- und Abwasseraufbereitungsanlagen. Die Stelle ist für den Standort
 **Ditzingen** 
 (Nähe Stuttgart) relevant.
   

  

**Ihre Aufgaben**
* Verantwortung für die Projektleitung gegenüber Kunden und Geschäftsleitung
* Sicherstellung der Material\\-, Zeit\\- und Kostenziele im Rahmen der Projektdurchführung
* Definition von Projektzielen und Ressourcen zur Zielerreichung
* Fachgerechte, termingerechte und wirtschaftliche Projektabwicklung unter Einhaltung der Qualitätsstandards
* Projektcontrolling: Überwachung von Leistung, Terminen und Kosten sowie deren Übereinstimmung mit den Projektzielen
* Proaktive Kommunikation mit allen Projektbeteiligten und dem Management
* Gesamtkoordination der Schnittstellen und Interaktionen aller internen und externen Projektpartner


**Ihr Profil**
* Abgeschlossenes Studium (Ingenieur oder Master) in Chemieingenieurwesen, Verfahrenstechnik oder einer vergleichbaren Fachrichtung
* Mindestens drei Jahre einschlägige Berufserfahrung oder gleichwertige Kombination aus Ausbildung und Erfahrung
* Fundierte Kenntnisse in Projektmanagement\\-Methoden und deren Anwendung
* Fähigkeit, komplexe technische Dokumente zu lesen und zu interpretieren
* Erfahrung im Umgang mit anspruchsvollen Anfragen und Beschwerden
* Nachgewiesene Führungskompetenz, auch ohne direkte disziplinarische Verantwortung
* Fähigkeit zur Priorisierung und Entscheidungsfindung unter hohem Arbeitsaufkommen sowie Flexibilität bei wechselnden Bedingungen
* Ausgeprägte zwischenmenschliche und interkulturelle Fähigkeiten im Kundenkontakt
* Ganzheitliche und nachhaltige Denkweise
* Sehr gute verbale und schriftliche Kommunikationsfähigkeiten in Deutsch und Englisch
* Bereitschaft zu internationalen Reisen (Kunden/Baustellen)


**Was wir Ihnen bieten**
* Dynamisches Team mit langjähriger Erfahrung
* Strukturierte Einarbeitung durch qualifizierte Kollegen und feste Ansprechpartner
* Möglichkeit, eigene Ideen und Erfahrungen einzubringen
* Regelmäßige fachliche Weiterbildungen
* Kollegiales Miteinander, unterstützt durch verschiedene Mitarbeiter\\-Events
* Attraktive Benefits und ein wertschätzendes Arbeitsumfeld


 Careers Advancing Ovivo by Ecolab’s Water Technology Solutions
   

  

 Help shape the future of water and technology by joining a team that drives innovation in ultrapure water solutions —critical to industries powering global progress. These careers offer the chance to make an impact that matters solving complex challenges, collaborating across borders, and creating solutions that protect vital resources. If you’re passionate about water circularity, sustainability and technology, explore opportunities where your expertise fuels advancement and your growth is supported.
   

  

**Our Commitment to a Culture of Inclusion \\& Belonging**
 Ecolab is committed to fair and equal treatment of associates and applicants and furthering the principles of Equal Opportunity to Employment. We will recruit, hire, promote, transfer and provide opportunities for advancement based on individual qualifications and job performance in all matters affecting employment, compensation, benefits, working conditions, and opportunities for advancement. Ecolab will not discriminate against any associate or applicant for employment because of race, religion, color, creed, national origin,citizenship status, sex, sexual orientation, gender identity and expressions, genetic information, marital status, age, or disability.","Chemical Manufacturing","https://www.linkedin.com/company/ecolab","https://media.licdn.com/dms/image/v2/C560BAQH3EsOD1h7Tgg/company-logo_100_100/company-logo_100_100/0/1675088982273/ecolab_logo?e=2147483647&v=beta&t=SpYjPrKS-P3Gc4Uai-f_GzDw4TmfzdgNsx3EvmZQVnE","","","","","","","","","","",""
"li-4380098306","linkedin","https://www.linkedin.com/jobs/view/4380098306","","Internship Project Management (m/f/d)","Publicis One Touch","Hamburg, Hamburg, Germany","2026-05-29","fulltime","","","","","",False,"not applicable","Project Management and Information Technology","","","**Unternehmensbeschreibung**
 Help shaping the next chapter of an icon.
   

  

 NIVEA — a skincare brand loved for generations — is evolving fast.
 **Publicis One Touch** 
 is the dedicated Publicis Groupe x Beiersdorf collaboration built to drive that transformation.
   

  

 We’re a global, interdisciplinary agency working side\\-by\\-side with our clients to build a connected, data\\-driven marketing ecosystem, where sharp insights fuel powerful, consumer\\-first creativity. From global product launches to social, digital, packaging and experiences, you’ll help create work that people feel, share, and remember.
   

  

 If you’re curious and thrive in collaborative, high\\-impact teams and want to help create real brand love, join us.
   

  

 We are seeking a highly motivated
 **Intern Project Management (m/f/d)** 
 to join our team in Hamburg.
   

  

**Stellenbeschreibung**
 As an intern, you will gain insight into the day\\-to\\-day reponsibities of a project manager and agency life.
   

  

**Verantwortlichkeiten**
 You will support the team throughout the project life\\-cycle by taking on different tasks, such as:
   

  

* Coordinating project activities and preparing cost estimates
* Monitoring timelines, tracking progress, and managing deadlines
* Assisting with budget tracking, invoicing, and ensuring on\\-time, high\\-quality delivery


**Qualifikationen**
* You are currently an enrolled student in a degree program closely related towards adverstising, marketing or business
* You are looking for a mandatory internship according to your study programm for a duration of 4 to 6 months
* You are eager to learn and to get involved in exciting projects
* Communication is your strength, especially interculturally!
+ You are fluent in English (German skills are a plus).

* You enjoy juggeling numbers and have experience working with Mircosoft Office programs


**Zusatzinformationen**
 We offer
   

  

* Diverse insights into the talent division of an international agency
* The opportunity to gain valuable practical experience and contribute your own ideas
* Flexible working hours that are compatible with your studies
* A friendly, open working environment in a dynamic, international team
* Modern office space in the heart of the city and the option of mobile working


 Would you like to join our team and contribute your passion for project management in an international environment? Then we look forward to receiving your complete application, including your resume, certificate of
   

  

 We look forward to hearing from you!","Advertising Services","https://de.linkedin.com/company/publicis-one-touch","https://media.licdn.com/dms/image/v2/C4D0BAQFZCU1hbcXL2g/company-logo_100_100/company-logo_100_100/0/1630523137277?e=2147483647&v=beta&t=y052XV1Pdr1WrQ1PXZYZLGHSmq24HNSn-x3cROCWDCo","","","","","","","","","","",""
"li-4420972553","linkedin","https://www.linkedin.com/jobs/view/4420972553","","Data Center Pre Development Project Manager","PRS","","2026-05-29","fulltime","","","","","",False,"mid-senior level","Project Management","","","**Data Center Construction \\- Pre\\-Development Project Manager – Germany** 




  





***flexibility on locations \\- Dortmund/Frankfurt/Berlin are the preferred locations \\- Regular travel will be required in Germany,***




  





**Global Data Center Business** 




  





 Global Data Center Business is seeking a Pre\\-Development Project Manager to lead and manage pre\\-development activities for our data center campus projects in Germany.
 



  





 This role is responsible for overseeing due diligence, entitlements, permitting, campus master planning, and budget development to enable predictable, on\\-time delivery of large\\-scale, mission\\-critical data center facilities. The Project Manager will collaborate daily with engineers, designers, development consultants, municipal and utility authorities, and internal stakeholders across Corporate Real Estate, Development, Engineering, Sales Engineering, Product, and Data Center Operations.
 



  





 The ideal candidate brings strong commercial real estate development expertise, executive\\-level communication skills, and the ability to navigate complex regulatory and permitting environments.
 



  





**Key Responsibilities** 



* Manage due diligence, entitlements, and permitting for multiple projects across one or more data center campuses.
* Develop and maintain multi\\-phased campus master development plans, including comprehensive design solutions and capital budgets.
* Prepare and present monthly executive\\-level program updates to support informed decision\\-making.
* Identify and communicate entitlement and permitting risks; implement mitigation strategies to maintain project timelines and budgets.
* Establish and manage due diligence and permitting schedules, ensuring on\\-time completion through coordination of internal and external teams.
* Draft scopes of work for due diligence, master planning, and permitting; lead consultant/vendor evaluation, price leveling, selection, and contract negotiations.
* Monitor and control project budgets to ensure financial predictability and disciplined capital planning.
* Collaborate with Sales Engineering and Product teams to support custom client solutions within schedule and budget parameters.
* Represent Global Data Center Business in meetings with Authorities Having Jurisdiction (AHJs), regulatory agencies, economic development corporations, utilities, and public stakeholders.
* Continuously refine campus master plans to maintain accurate forecasting in a dynamic development environment.
* Contribute to the enhancement of internal development processes and project management standards.



  





**Basic Qualifications** 



* Five or more years of professional experience in commercial real estate development, property management, or land acquisition.
* Strong working knowledge of due diligence, zoning, entitlements, and permitting processes.
* Proficiency with Bluebeam, Smartsheet, Microsoft Office Suite (advanced Excel and PowerPoint required).
* Fluent in German; additional European language preferred.
* Ability to travel up to 25%.



  





**Preferred Qualifications** 



* MBA or Master’s degree in Engineering, Real Estate, Land Planning, Management, or related discipline.
* Experience managing a portfolio of projects across multiple markets.
* Experience delivering mission\\-critical data center facilities.
* Extensive experience in large\\-scale or complex land development projects.



  





**Knowledge, Skills \\& Abilities** 



* In\\-depth understanding of commercial real estate development processes.
* Strong familiarity with zoning regulations, environmental assessments, and municipal approval procedures.
* Knowledge of infrastructure planning, civil engineering fundamentals, and utility coordination.
* Experience in budget forecasting, financial modeling, and capital planning.
* Demonstrated success negotiating with regulatory agencies, consultants, vendors, and contractors.
* Ability to develop and deliver clear, executive\\-level presentations.
* Strong relationship\\-building skills with government entities and cross\\-functional stakeholders.
* Ability to operate effectively in high\\-pressure, deadline\\-driven environments.
* Strong analytical capability in interpreting complex regulatory and permitting requirements.



  





**Whats on offer:** 



* €120,000 \\- €150,000 Basic Salary
* Personal and Company Bonus @ 20% annually
* 25\\-32 Days Holiday
* Roth and Traditional 401(k) matching contributions with immediate vesting
* Every employee is bonus or commission eligible
* Generous PTO, Paid Volunteer Days Plus Floating Holidays
* Stock Purchase Plan (SPP)
* 11 paid Holidays Annually/Holiday compensation when worked
* Pet and Legal Insurance
* Rest Sabbatical Program
* Anniversary Service Award Program
* Parental Leave for primary and secondary caregivers
* Military Benefits Package
* Charitable Matching Gift Program
* Company Scholarship for Employee Dependents
* Company Crisis Fund
* Wellness Program
* Tuition Reimbursement Program","Building Construction and Construction","https://uk.linkedin.com/company/phoenix-resourcing-services-ltd","https://media.licdn.com/dms/image/v2/D4E0BAQE7e7B_inLx3Q/company-logo_100_100/company-logo_100_100/0/1731525208947/phoenix_resourcing_services_ltd_logo?e=2147483647&v=beta&t=PKhM3nV-cD8Wmfj9P5nXMAy3ARVX_6Ns1l-aNw-z_Ic","","","","","","","","","","",""
"li-4412808283","linkedin","https://www.linkedin.com/jobs/view/4412808283","","Project Director (Germany)","Gülermak Renewables","Berlin, Berlin, Germany","","fulltime","","","","","",False,"director","Project Management","","Sarah.Hutter@nesfircroft.com","We are looking for an experienced Project Director to lead the delivery phase of a solar agri\\-PV energy projects, driving the project from the pre\\-construction stage through construction and handover to operations. The project’s connection date is expected in late 2028\\.
 



 We’re building our Germany team from the ground up, and you’ll be one of our first colleagues in the country. You’ll also become part of a diverse and international team based in the UK and Poland, collaborating closely across functions and projects.
 



 This is an exciting time for us, and we’re looking for a Project Director who would like to be part of this journey and built his own Project Manager team in near future.
 



 This role is on a hybrid basis, and our projects are located around Mecklenburg\\-Vorpommern. Frequent travel to the construction site is expected.
 



  





**What you’ll be doing:** 



* Lead the delivery of the Solar PV project within the agreed HSE objectives, timeline, budget, and quality standards.
* Implement company HSE policies and ensure all statutory requirements are fulfilled, including German regulations. Track and report on HSE performance.
* Drive effective health, safety, and wellbeing practices across the project team and contractors, and ensure the relevant safety management systems are in place.
* Manage the project end\\-to\\-end, from design and procurement through Construction, commissioning and handover to operations.
* Own Gülermak Renewables’ project management processes, including reporting to the steering committees.
* Manage internal and external stakeholders, including (but not limited to) local authorities, landowners, suppliers, owner’s engineers, technical and legal advisors, subcontractors, and internal functions such as commercial, across all project phases.
* Coordinate DNO and TNO connection works and ensure programme and interfaces alignment.
* Demonstrate a solid understanding of the commercial aspects of the Solar PV and Agri\\-PV market and technology.
* Collaborate with central function teams to monitor programme, budgets, design updates, and quality indicators, ensuring consistent project performance.
* Proactively manage project risks and opportunities by identifying, allocating, and controlling them, and implementing robust mitigation measures.
* Capture cost efficiencies during pre\\-construction phases without compromising project scope.
* Ensure effective communication and interface management with contractors and procurement functions.
* Coordinate the project handover process to the Asset Management function.
* Ensure efficient and effective close\\-out of all projects.



  





**What you’ll need:** 



* Proven and relevant track record as a Project Manager\\\\Director for grid\\-scale renewable energy construction projects.
* Project management experience across a range of disciplines, contracts, and procurement models.
* Experience with MV/HV works.
* Strong HSE focus, with a proven track record in managing German and EU HSE regulations in construction projects.
* Ability to manage a wide range of stakeholders and a team of support staff.
* Experience working with a systematic, risk\\-based management approach.
* Excellent written and verbal communication skills.
* Ability to foster and promote collaborative working relationships.



**Desirable** 



* Experience working “client side” for utilities companies.
* Project management accreditation (e.g., PMI\\-PMP, APM).
* Experience managing Solar PV projects is highly desirable.



  





**Who we're:** 




 Gülermak Renewables is the renewable energy investment arm of Gülermak, a leading international infrastructure contractor with a 68\\-year track record of delivering complex projects to the highest standards of quality, ethics and execution.
 



 Headquartered in London, the renewables business operates as an independently managed platform, focused on the UK and Europe, with core investments in solar, onshore wind and battery energy storage, and a forward\\-looking view on technologies shaping the future energy system. With strong financial backing and deep infrastructure expertise, we build, own and operate renewable assets that deliver stable long\\-term cash flows. Our portfolio has reached c.650 MW to date, with clear ambition and strong momentum to scale materially in the near term.
 



 This role represents an exceptional opportunity to join a high\\-performing, entrepreneurial team comprising talented professionals with deep experience across renewables and infrastructure. You will have meaningful responsibility across the business, in a culture that rewards ownership, performance and merit.
 



 Our recruitment partner, NES Fircroft, is helping us find our future colleagues. Please reach out to Sarah if you have any questions or queries.
 



**Sarah.Hutter@nesfircroft.com or \\+49 621 3703 1976**","Renewable Energy Power Generation","https://uk.linkedin.com/company/gulermak-renewables","https://media.licdn.com/dms/image/v2/D4E0BAQGohwc6wdMSoA/company-logo_100_100/B4EZz3819xHsAU-/0/1773686448644/gulermak_renewables_logo?e=2147483647&v=beta&t=9u7DyytP0n83mLLOjNSPnUSaJoIJ33dMJkOe02Zt4JI","","","","","","","","","","",""
"li-4421695474","linkedin","https://www.linkedin.com/jobs/view/4421695474","","Project Manager Supply Chain (m/f/x)","Thorlabs","Bergkirchen, Bavaria, Germany","","fulltime","","","","","",False,"mid-senior level","Project Management","","bewerbung@thorlabs.com","You will lead complex strategic projects from conception through to successful implementation and, working alongside interdisciplinary teams, ensure sustainable, scalable and efficient processes.
   

  

 Initially, a particular focus of the role will be on spatial expansion and the associated operational transformation of our local logistics and production structures.
   

  

 ﻿
   

  

 Your role at a glance:
   

  

* Responsibility for managing and implementing complex projects from initiation to completion
* Develop detailed project plans, including resource, budget and risk planning
* Coordinate and leading interdisciplinary project teams
* Ensure compliance with quality and time targets
* Identify and manage project risks and developing countermeasures
* Manage communication with internal and external stakeholders
* Prepare regular status and progress reports for management
* Support the strategic development of the project portfolio


**Requirements**
* Several years' relevant experience in implementing supply chain and production projects
* In\\-depth expertise in supply chain management and the management of production processes, as well as standard project management methods
* Strong analytical and organisational skills
* A structured, solution\\-oriented and proactive approach to work
* Strong leadership and facilitation skills
* Excellent communication skills and confident stakeholder management
* Very good command of German and English


**Benefits**
* Flexible working hours (arranged individually), 30 days of vacation, mobile work
* Company pension scheme \\& health insurance options
* Support for your personal development and career growth
* Wide range of health and sports activities (Urban Sports Club, company runs, etc.)
* Leasing options (JobRad)
* Free charging stations for e\\-bikes and electric cars
* Option to take a time\\-out
* Annual company events and social activities


**About Us**
 At THORLABS, we don't just accept differences \\- we support them, we celebrate them, and we rely on them to strengthen our people, our community, and our products. We are proud to be an equal\\-opportunity workplace and are committed to fostering an inclusive environment for everyone. We value diversity, actively encourage inclusion, and welcome applications from all individuals. This mindset is reflected in our values, which we practice every day.
   

  

 If you have any questions about the application process or our job vacancies, please contact our colleagues (Human Resources) by email: bewerbung@thorlabs.com","IT Services and IT Consulting","https://www.linkedin.com/company/thorlabs","https://media.licdn.com/dms/image/v2/C4D0BAQFd1zFYxbFQLA/company-logo_100_100/company-logo_100_100/0/1631349630151?e=2147483647&v=beta&t=6exJ5g-GuIRiIE1twtD6HY0jvjk7JnJVc-AQYYhHA60","","","","","","","","","","",""
"li-4418387894","linkedin","https://www.linkedin.com/jobs/view/4418387894","","Project Manager","Haystack","Karlsruhe, Baden-Württemberg, Germany","","fulltime","","","","","",False,"director","Project Management and Information Technology","","","We're working with a market and technology leader in professional radio technology for mission\\-critical infrastructure. This innovative company is expanding and seeking passionate talent to shape the future of professional radio communication.
   

  

 The Role
   

  

* Oversee project progress, schedule monitoring, and cost control
* Create execution and assembly plans
* Support the sales team in quotation preparation
* Coordinate deployed assembly teams


 What You'll Need
   

  

* Initial relevant professional experience in technical project management
* Project management knowledge and a strong interest in cross\\-cutting business processes
* Structured and systematic working method
* Confident demeanor, solution\\-orientation, strong communication skills, and assertiveness
* Flexibility and adaptability in a constantly changing project environment


 What's On Offer
   

  

* Thorough and systematic onboarding
* A central role in project execution with high personal responsibility and varied tasks
* Modern corporate culture with flat hierarchies and a collegial team
* Flexible working hours and 30 days of annual leave


 Apply via Haystack today!","Technology, Information and Internet","https://uk.linkedin.com/company/wearehaystack","https://media.licdn.com/dms/image/v2/D4E0BAQFq9pcJGgSIpw/company-logo_100_100/company-logo_100_100/0/1661435358398/wearehaystack_logo?e=2147483647&v=beta&t=rujfUADbjJfzHP5KvyRjFwVpiCqcmuXrLF36sSaB1m8","","","","","","","","","","",""
